{
  "best_params": {
    "clf__C": 4.0,
    "clf__penalty": "l2",
    "clf__solver": "lbfgs",
    "tfidf__min_df": 2
  },
  "val_metrics": {
    "precision": 0.9904761904761905,
    "recall": 0.9285714285714286,
    "f1": 0.9585253456221198,
    "roc_auc": 0.9934145619573795
  }
}