{
  "best_params": {
    "clf__C": 4.0,
    "clf__penalty": "l2",
    "clf__solver": "lbfgs",
    "tfidf__min_df": 2
  },
  "val_metrics": {
    "precision": 0.9191919191919192,
    "recall": 0.9381443298969072,
    "f1": 0.9285714285714286,
    "roc_auc": 0.9933910977782515
  }
}